https://www.instagram.com/p/Cc5jS41qZMs/,1
https://bit.ly/3OxKkS4,1
https://www.infos-dijon.com/news/campus/sur-le-campus/dijon-une-occupation-du-campus-de-sciences-po-contre-le-fascisme.html,1
https://c.bienpublic.com/politique/2022/04/20/occupation-antifasciste-sur-le-campus-de-sciences-po,1
https://youtu.be/hPzR5g-sdoU,18
https://www.francebleu.fr/infos/politique/ni-macron-ni-le-pen-le-mouvement-demarre-a-la-sorbonne-s-etend-a-d-autres-universites-1649937673,1
https://www.youtube.com/watch?v=hPzR5g-sdoU,1
https://www.francetvinfo.fr/culture/livres/occupation-de-sciences-po-et-la-sorbonne-le-sociologue-olivier-galland-ne-veut-pas-surinterpreter-ces-actes_5083801.html#xtor=RSS-3-%5Bsociete,1
https://www.mediapart.fr/journal/france/140422/des-groupes-d-extreme-droite-tentent-de-tuer-dans-l-oeuf-le-mouvement-etudiant-naissant,1
https://bit.ly/3jOiiDz,1
http://a.msn.com/01/fr-fr/AAWfJIB?ocid=st,3
https://rsi.fm?xL5,1
https://www.lavoixdunord.fr/1167341/article/2022-04-15/blocage-sciences-po-marine-le-pen-tance-ces-petits-jeunes#Echobox=1650018897-1,1
https://www.parismatch.com/Actu/Politique/Blocage-Sciences-Po-jeudi-pour-Marine-Le-Pe-les-etudiants-devraient-respecter-la-democratie-1800112#utm_term=Autofeed&utm_medium=Social&utm_source=Twitter&Echobox=1650021777,1
http://a.msn.com/01/fr-fr/AAWfEj6?ocid=st,1
https://www.europe1.fr/politique/blocage-sciences-po-jeudi-le-pen-tance-les-etudiants-qui-devraient-respecter-cette-democratie-4105913,1
https://www.europe1.fr/politique/blocage-sciences-po-jeudi-le-pen-tance-les-etudiants-qui-devraient-respecter-cette-democratie-4105913#utm_term=Autofeed&utm_medium=Social&xtor=CS1-16&utm_source=Twitter&Echobox=1650017094,1
http://dlvr.it/SNd3wl,1
https://twitter.com/sandrousseau/status/1514841176699977729,1
https://www.sudouest.fr/elections/presidentielle/blocage-de-sciences-po-pour-marine-le-pen-les-etudiants-devraient-respecter-cette-democratie-10610203.php#Echobox=1650014630,1
https://www.mediapart.fr/journal/fil-dactualites/150422/blocage-sciences-po-jeudi-le-pen-tance-les-etudiants-qui-devraient-respecter-cette-democratie,1
https://m.facebook.com/permalink.php?id=568934483477709&story_fbid=572178759819948,1
https://mdpt.fr/3uRnZHz,1
https://twitter.com/CocardeEtud/status/1514609600279953424,4
http://opr.news/4261a3ef220413fr_fr?client=newseu&link=1,1
https://opr.as/share,1
https://twitter.com/LFi_SciencesPo/status/1514603577808883723,1
http://militant.es,5
https://twitter.com/weshculture/status/1514625519140147201,1
https://www.leparisien.fr/elections/presidentielle/presidentielle-occupation-de-la-sorbonne-lens-a-paris-et-de-sciences-po-nancy-par-des-etudiants-en-colere-13-04-2022-MP76WOAVI5ANVISJ7ELSFONBGE.phpnull,6
https://twitter.com/guillaum_durand/status/1514548704589537280,1
https://twitter.com/solidaires_scpo/status/1514542328895225856,1
https://twitter.com/weshculture/status/1514617068598923267,1
https://l.leparisien.fr/L8AO,1
https://twitter.com/BFMTV/status/1514554649646350339,1
https://www.bfmtv.com/politique/elections/presidentielle/en-direct-presidentielle-j-10-macron-chez-philippe-au-havre-le-pen-en-meeting-en-vaucluse_LN-202204140067.html#article_100012,1
https://twitter.com/sarah_chp/status/1514499001948774403,1
https://www.leparisien.fr/elections/presidentielle/presidentielle-occupation-de-la-sorbonne-lens-a-paris-et-de-sciences-po-nancy-par-des-etudiants-en-colere-13-04-2022-MP76WOAVI5ANVISJ7ELSFONBGE.php,1
https://blogs.mediapart.fr/occupationlogos/blog/120422/appel-occuper-et-bloquer-les-etablissements-scolaires-et-universitaires,1
https://twitter.com/TaoualitAmar/status/1514472758901673985,1
https://flip.it/hIGtt-,1
https://t.me/AnonymeCitoyen/3275,1
https://twitter.com/LarrereMathilde/status/1514187174173982720,1
https://hal-sciencespo.archives-ouvertes.fr/hal-03606541/document,1
https://twitter.com/OlivierGodechot/status/1503429841844162561,1
https://youtu.be/iIGCMX6m7l0,1
https://twitter.com/TariqRamadan/status/1497589184336433153,1
https://twitter.com/thieulin/status/1497896164791775234,1
https://twitter.com/J_Bardella/status/1491780288468373504,1
https://twitter.com/RobinMssn/status/1445807204800647168,1
https://twitter.com/Valeurs/status/1352723778065866756,1
https://www.valeursactuelles.com/societe/le-directeur-dhec-veut-renforcer-la-diversite-de-son-ecole-en-modifiant-le-concours-127788,1
https://apple.co/38v2zDD,1
https://bit.ly/2KN1A9z,1
https://spoti.fi/38uBDE4,1
https://twitter.com/i/broadcasts/1RDGlPjrNRMGL,1
https://twitter.com/rdvhistoire/status/1335958235791167489,1
https://twitter.com/FredericSays/status/1326106604652126208,1
https://www.franceculture.fr/emissions/le-billet-politique/le-billet-politique-mardi-31-octobre-2017,1
https://twitter.com/CNRS/status/1254787281929428993,1
https://youtu.be/xyY1eBGxwFw,1
https://twitter.com/Docteur_Satan/status/1249647469203464194,1
http://www.lapeniche.net/sciences-po-bloque-retour-sur-la-journee-du-5-mars/,1
https://www.ageing.ox.ac.uk/blog/changing_occupations_in_an_ageing_society,1
https://fal.cn/36ho2,1
https://www.lavoixdunord.fr/694467/article/2020-01-14/sciences-po-bloque-la-manifestation-lilloise-privee-de-centre-ville#Echobox=1578998941,1
https://www.bfmtv.com/societe/des-operations-de-blocage-a-l-ecole-normale-superieure-de-lyon-et-sciences-po-lyon-1821543.html,1
http://bit.ly/384l9RP,1
https://twitter.com/cametoulouse/status/1202210392006701058,1
http://www.revolutionpermanente.fr/Sciences-Po-Toulouse-affiche-sa-solidarite-avec-Assa-Traore-blocage-le-5-decembre,1
https://twitter.com/ScPoTlseEnLutte/status/1202134277317627904,1
https://twitter.com/defensionis/status/1173178830808371200,1
http://caricadoc.com/article-27100166.html,1
http://caricadoc.com/article-30888217.html,1
http://bit.ly/2XGvm5z,1
https://vk.com/wall435998204_5028,1
http://bit.ly/2HPGIMi,1
http://bit.ly/2OBcRb2,1
http://bit.ly/2SIlqWN,1
https://m.facebook.com/video_redirect/?id=304142863576179&source=misc&src=https://video-cdg2-1.xx.fbcdn.net/v/t42.9040-2/52594207_369853986930498_4657614989941538816_n.mp4?_nc_cat=100&efg=eyJ2ZW5jb2RlX3RhZyI6InN2ZV9zZCJ9&_nc_ht=video-cdg2-1.xx&oh=68f9ef55b3361482df90e3700b518bda&oe=5C676070,1
https://fr.wikipedia.org/wiki/Institut_fran%25C3%25A7ais_d%2527opinion_publique,1
http://bit.ly/2D2NR6Q,1
https://twitter.com/UEToulouse/status/1092697342816538624,1
http://bit.ly/2D3dIgh,1
http://bit.ly/2GLnoQs,1
https://www.ouest-france.fr/bretagne/rennes-35000/rennes-un-vote-electronique-contre-le-blocage-de-sciences-po-6142617,3
http://dlvr.it/Qv2Cgn,1
https://www.ouest-france.fr/bretagne/rennes-35000/rennes-un-vote-electronique-contre-le-blocage-de-sciences-po-6142617/,1
https://twitter.com/AntoineBaudouin/status/1072538574405464067,1
http://www.revolutionpermanente.fr/Sciences-Po-Toulouse-400-en-Assemblee-Generale-et-reconduction-de-l-occupation,1
http://www.revolutionpermanente.fr/L-occupation-de-Sciences-Po-Toulouse-votee-a-une-ecrasante-majorite,6
https://twitter.com/cametoulouse/status/1070722101915643910,1
https://actu.fr/occitanie/toulouse_31555/toulouse-pas-blocage-luniversite-jean-jaures-etudiants-lyceens-se-dirigent-vers-centre-ville_20131825.html,2
http://actu.fr,1
https://actu.fr/occitanie/toulouse_31555/toulouse-pas-blocage-luniversite-jean-jaures-etudiants-lyceens-se-dirigent-vers-centre-ville_20131825.html#Echobox=1544109135,1
http://bit.ly/2qQllzJ,1
http://noctambule.info/2018/06/12/loi-vidal-rennes1-sciencespo/,1
http://bit.ly/2H9we5E,1
https://bit.ly/2xuERIn,1
https://curiouscat.me/aliix/post/498543777?1527459082,1
http://www.liberation.fr/france/2018/05/16/a-la-sorbonne-l-epreuve-est-annulee-bonne-journee_1650553,1
https://www.ouest-france.fr/bretagne/rennes-35000/les-etudiants-de-sciences-po-rennes-votent-pour-l-annulation-des-partiels-5758981,1
https://lemde.fr/2I7QkT4,1
http://bit.ly/2IpckIe,1
https://twitter.com/Le_PorteVoix/status/992117255013101573,1
https://twitter.com/reggaerp/status/991931333877424128,1
http://www.revolutionpermanente.fr/Blocage-a-Sciences-Po-Toulouse-Une-AG-a-300-en-solidarite-avec-le-Mirail,1
https://twitter.com/jlmoudenc/status/991990234211672064,1
https://twitter.com/ladepeche31/status/991969255754227712,1
http://bit.ly/2jmAipo,1
https://www.facebook.com/adrian.papahagi/posts/1776807789049734,1
http://bit.ly/2reCl3v,1
https://shar.es/an1dSG,1
https://bit.ly/2r4gZ7Q,1
https://ift.tt/2I1Xzsi,1
http://etudiant.lefigaro.fr/article/a-sciences-po-une-intervention-policiere-empeche-un-nouveau-blocage_5d91e2bc-49fc-11e8-8b34-7c03ed467104/,1
http://etudiant.lefigaro.fr/article/a-sciences-po-une-intervention-policiere-empeche-un-nouveau-blocage_5d91e2bc-49fc-11e8-8b34-7c03ed467104/#link_time=1524823187,1
http://bit.ly/2vQWLnD,1
http://jactiv.ouest-france.fr/actualites/france/universite-700-etudiants-sciences-po-sopposent-reforme-85248#.WuG_CwSfIO0.twitter,1
http://dlvr.it/QQrTwx,1
http://dlvr.it/QQrMJv,1
http://ow.ly/By5J30jGcD5,1
https://ift.tt/2HwBwcs,1
http://bit.ly/newssuiteapp,1
https://www.ouest-france.fr/education/universites/universite-fin-de-l-occupation-d-un-amphitheatre-de-sciences-po-reims-5721762,1
http://bit.ly/2HQnJki,1
http://bit.ly/2HOg2uM,1
http://dlvr.it/QQkW91,1
http://dlvr.it/QQdxMn,1
https://www.ouest-france.fr/bretagne/rennes-35000/rennes-les-examens-reportes-l-universite-rennes-2-5717936,1
http://dlvr.it/QQbmlK,1
https://www.gqmagazine.fr/pop-culture/news/videos/un-etudiant-cite-oss-117-pour-critiquer-le-blocage-de-sciences-po/34201,2
http://dlvr.it/QQZK0V,1
https://france3-regions.francetvinfo.fr/grand-est/marne/reims/reims-etudiants-sciences-po-occupent-amphitheatre-1464043.html,1
https://m.youtube.com/watch?v=w0GWM7elfo8,1
https://twitter.com/ericcoquerel/status/987321806037151745,1
https://nantes.indymedia.org/articles/41055,1
http://shr.gs/QskOuoF,1
https://youtu.be/w0GWM7elfo8,1
http://ipeavaeafaf.blogspot.fr/2018/04/sciences-po-lutte-de-strates-plus-que.html,1
http://www.bfmtv.com/societe/universites-la-reprise-de-l-occupation-de-sciences-po-paris-votee-en-ag-1423955.html,2
https://fr.yahoo.com/news/blocage-sciences-po-goutte-d%25C3%25A9lire-fait-d%25C3%25A9border-vase-054425686.html,1
https://blog.lespestes.com/un-etudiant-cite-oss-117-pour-critiquer-le-blocage-de-sciences-po/,1
http://lahorde.samizdat.net/2018/04/21/sciences-po-paris-renomme-institut-clement-meric/,1
http://www.lemonde.fr/campus/article/2018/04/20/a-sciences-po-paris-le-blocage-etudiant-leve-apres-des-negociations_5288336_4401467.html,10
http://dlvr.it/QQFX7f,1
https://www.huffingtonpost.fr/2018/04/18/blocage-a-sciencespo-reconnaitrez-vous-la-replique-de-film-culte-citee-par-cet-etudiant_a_23414065/,12
https://lemde.fr/2HOzsNO,1
https://www.emilemagazine.fr/article/2018/4/20/les-meilleurs-tweets-sciences-po-bloqu,1
http://dlvr.it/QQCP13,1
http://bit.ly/2K01whM,1
https://lemde.fr/2K3gYtt,1
http://dlvr.it/QQBzmv,1
https://www.titrespresse.com/35673511712/reforme-sciences-paris-universite-debloque-reprise,1
https://goo.gl/fb/BrVv8g,1
https://ift.tt/2HeHazG,6
http://bit.ly/2HGap1J,1
https://lemde.fr/2vstcsE,1
http://bit.ly/2HBQQrd,2
https://twitter.com/sciencespo/status/987321078291881984,1
https://twitter.com/Anton1Ferreira/status/987295556652486658,1
https://actu.orange.fr/france/universites-sciences-po-paris-de-nouveau-occupe-CNT0000011FD0W.html,1
https://twitter.com/peddersophie/status/987277157989867520,1
http://lapeniche.net/mai-68-a-sciences-po-episode-un-lamphitheatre-che-guevara/,1
http://dlvr.it/QQ9QXj,1
https://www.ouest-france.fr/bretagne/rennes-35000/blocage-sciences-po-rennes-l-etablissement-toujours-ferme-ce-vendredi-5710503,1
https://twitter.com/sciencespo/status/987025598747901952,2
https://ift.tt/2HMApWW,1
https://ift.tt/2Hisxzy,2
https://f7td5.app.goo.gl/DYVn,1
http://bit.ly/2vtLV6Z,1
http://bit.ly/2EXEHI3,1
https://twitter.com/figarovox/status/986897735029874688,1
https://www.titrespresse.com/35586061712/blocage-sciences-goutte-delire-deborder-chienlit,1
https://buff.ly/2vwGTGM,1
https://fr.news.yahoo.com/universit%25C3%25A9s-reprise-l-apos-occupation-055538723.html?soc_src=strm&soc_trk=tw,1
https://goo.gl/fb/EmseS8,1
http://dlvr.it/QQ8dsj,1
http://img.bfmtv.com/c/150/100/81c/6189a4defff8d5aa7d87ac52e9d00.jpegUniversit%C3%A9s,1
https://twitter.com/PGerardBoucher/status/987126901566304261,1
https://twitter.com/PGerardBoucher/status/987127203572875264,1
https://twitter.com/HermineCosta00/status/987049441638133762,1
https://www.francetvinfo.fr/live/message/5ad/8ea/c8e/7e0/a45/9e3/61e/1d7.html,1
http://guignolet.vote,1
http://www.lemonde.fr/campus/article/2018/04/19/cinq-iep-pas-science-po-centres-ont-rejoint-la-mobilisation-contre-parcoursup_5287911_4401467.html,1
https://www.facebook.com/SudSanteBichat/posts/1980815152180977,1
http://lapeniche.net/occupation_sciencespo_jour2/,1
https://twitter.com/lapeniche/status/987034308341915648,1
http://etudiant.lefigaro.fr/article/sciences-po-paris-a-son-tour-bloquee-par-les-etudiants_2e9e6910-42d8-11e8-a18c-14c960e64307/,1
https://twitter.com/gillesplatret/status/986550067866882048,1
https://www.lci.fr/societe/universite-manifestation-etudiants-contre-reforme-ore-parcoursup-nanterre-sciences-po-paris-lille-et-rennes-tolbiac-montpellier-metz-strasbourg-2084783.html,1
https://twitter.com/lapeniche/status/987029703511937024,1
http://dlvr.it/QQ5fVR,1
http://flip.it/cewF7z,1
https://blogs.mediapart.fr/ingenieur-different/blog/180418/les-trompettes-de-parcoursup,1
http://dlvr.it/QQ5NG1,1
http://ow.ly/ibyC30jzJTH,1
http://bit.ly/2qLKBqj,2
https://twitter.com/libe/status/986995655959830529,1
http://www.liberation.fr/direct/element/fin-du-blocage-de-sciences-po-paris-selon-la-direction_80812/,1
http://bit.ly/2vuSmGQ,1
https://twitter.com/MatthDes/status/986969915671433217,1
http://bit.ly/2qJ5bI4,1
http://dlvr.it/QQ4hs4,1
http://mtr.cool/hxoaifk,1
http://dlvr.it/QQ4cfw,1
http://dlvr.it/QQ4Vhb,1
https://www.francetvinfo.fr/societe/education/parcoursup/le-directeur-de-sciences-po-paris-veut-organiser-une-consultation-en-ligne-sur-le-blocage-de-l-etablissement_2713424.html#xtor=CS2-765-%5Btwitter%5D-,2
http://dlvr.it/QQ4KMq,1
https://www.lci.fr/societe/reforme-de-l-universite-le-blocage-de-nanterre-se-poursuit-jusqu-au-2-mai-sciences-po-lille-et-rennes-montpellier-avignon-rennes-toulouse-tolbiac-2084783.html,1
https://youtu.be/5KSZH48EC3Y,1
http://bit.ly/2qJsJxb,3
https://twitter.com/sciencespo/status/986932472112873472,2
http://franceinfo.fr,1
http://www.1001portails.com/zzihmmjhlg,1
http://etudiant.lefigaro.fr/article/le-directeur-de-sciences-po-va-organiser-une-consultation-en-ligne-sur-le-blocage_e8e36f1c-43b6-11e8-a18d-c12fdf4e8e03/,1
https://ift.tt/2Hbtk56,1
https://www.francetvinfo.fr/societe/education/parcoursup/le-directeur-de-sciences-po-paris-veut-organiser-une-consultation-en-ligne-sur-le-blocage-de-l-etablissement_2713424.html#xtor=CS1-747,1
http://bit.ly/2Hf6WYv,1
https://www.thelocal.fr/20180418/paris-french-students-blockade-sciences-po-university,1
https://www.francetvinfo.fr/societe/education/parcoursup/le-directeur-de-sciences-po-paris-veut-organiser-une-consultation-en-ligne-sur-le-blocage-de-l-etablissement_2713424.html,1
https://buff.ly/2Hc6IgL,1
https://www.sciencespo.fr/actualites/actualit%25C3%25A9s/occupation-des-b%25C3%25A2timents-de-sciences-po-message-de-fr%25C3%25A9d%25C3%25A9ric-mion/3579,1
http://bit.ly/2HyJvsr,1
http://www.lefigaro.fr/vox/societe/2018/04/19/31003-20180419ARTFIG00114-sciences-po-bloque-le-coup-de-gueule-des-etudiants-contre-la-zad-de-saint-germain-des-pres.php,1
https://m.facebook.com/story.php?id=100022692114192&story_fbid=212319202867815,1
http://huffp.st/PzkMUTc,1
https://twitter.com/zoeleroy/status/986881069596266496,1
https://www.quotidien-libre.fr/evacuation-montpellier-3-sciences-po/,1
https://twitter.com/unefsciencespo/status/985821929796980736,2
http://ow.ly/cwly30jz0tP,1
http://www.sudradio.fr,2
https://youtu.be/S_yTkiStLD8,1
https://curiouscat.me/Smallsharkk/post/413190693?1524083520,1
https://twitter.com/naklabic/status/986583324343848960,1
http://lapeniche.net/mai68_scpo_episodeun/,1
http://www.bfmtv.com/societe/partiels-bouscules-a-nanterre-occupation-a-sciences-po-paris-le-point-sur-les-blocages-des-universites-1421816.html,6
http://eur1.fr/nADdhpQ,1
https://twitter.com/remybuisine/status/986666800271241216,1
http://mobile.lemonde.fr/campus/article/2018/04/18/denoncant-une-dictature-macronienne-des-eleves-bloquent-l-acces-a-sciences-po_5287062_4401467.html,1
https://twitter.com/claudemoniquet/status/986552232870055936,1
https://www.facebook.com/olivier.gronier/posts/10156328822487258,1
http://video.lefigaro.fr/figaro/video/sciences-po-paris-occupation-partielle-acces-ferme/5772623855001/,1
https://twitter.com/remybuisine/status/986343400390656000,3
https://curiouscat.me/anarchostal/post/411217599?1524068004,1
https://twitter.com/policycorner/status/985089698686226433,1
https://www.ultimedia.com/api/meta/minifier/id/u3003p,1
http://www.radiogermaine.fr/replay/ambition-actu/edition-speciale-le-27-bloque.html,1
https://twitter.com/timderauglaudre/status/986316361931640833,1
https://twitter.com/BFMTV/status/986532234168553474,1
https://twitter.com/LarrereMathilde/status/986559299278245888,1
http://huffp.st/OfJNU8H,1
https://www.francetvinfo.fr/societe/education/parcoursup/pourquoi-le-blocage-des-universites-est-une-methode-parfaitement-efficace-mais-totalement-antidemocratique_2708698.html,1
http://www.europe1.fr/societe/universites-lacces-a-sciences-po-paris-bloque-en-raison-dune-occupation-3629477,1
https://bit.ly/2vlwo9j,1
https://twitter.com/humanite_fr/status/986536832069439491,1
https://www.ouest-france.fr/education/universites/blocage-des-universites-sciences-po-bloque-paris-et-rennes-5705238,7
https://generationbethune.wordpress.com/2018/04/18/lacces-a-sciences-po-paris-bloque-en-raison-dune-occupation/,2
http://huffp.st/kUtIbhk,1
http://dlvr.it/QPx9p8,1
https://www.facebook.com/brutofficiel/videos/2012239829025654/,1
https://twitter.com/lesrep_scpo/status/986503971404763137,1
https://www.facebook.com/lesRepublicainsScPo/posts/1802055706524823,1
https://www.lci.fr/societe/reforme-de-l-universite-le-blocage-reconduit-a-nanterre-sciences-po-paris-a-son-tour-bloque-2084783.html,1
http://dlvr.it/QPx09G,1
https://twitter.com/loupche/status/986534007587397632,1
http://tinyurl.com/y9sfhsek,1
https://m.facebook.com/story.php?id=100022018278404&story_fbid=232773450799929,1
https://oran.ge/2HrUxQr,1
http://rfi.my/2XVu.T,1
http://dlvr.it/QPwf2V,1
http://dlvr.it/QPwdQG,1
https://www.lexpress.fr/actualites/1/societe/universites-l-acces-principal-a-sciences-po-paris-ferme-en-raison-d-une-occupation-afp_2000915.html,1
http://bit.ly/2HyiGoi,1
https://goo.gl/P4pdCM,1
https://pureactu.com/universites-lacces-principal-a-sciences-po-paris-ferme-en-raison-dune-occupation-afp/,2
http://www.liberation.fr/apps/2018/03/universite-facs-mobilisees/,1
https://actu.orange.fr/france/universites-l-acces-principal-a-sciences-po-paris-ferme-en-raison-d-une-occupation-afp-CNT0000011yul3.html,1
https://ift.tt/2H7Yc2i,3
https://ift.tt/2EXssef,1
http://bit.ly/2JXdBo6,1
http://bit.ly/2JX6gon,1
http://rfi.my/2XVu.t,1
https://goo.gl/uqVj2C,1
http://dlvr.it/QPwPW6,1
https://ift.tt/2HrHbnh,1
https://fr.news.yahoo.com/partiels-bouscul%25C3%25A9s-%25C3%25A0-nanterre-occupation-054234947.html?soc_src=strm&soc_trk=tw,1
https://twitter.com/drauqlib/status/986324125621870592/photo/1,2
https://buff.ly/2JVmZs8,1
https://tendanceclaire.org/breve.php?id=27848,1
https://twitter.com/RemyBuisine/status/986343400390656000,1
http://dlvr.it/QPvr7r,1
https://goo.gl/fb/ee3twB,1
https://ift.tt/2Hc7i1W,1
https://twitter.com/drauqlib/status/986324125621870592,2
http://lapeniche.net/sondage-presidentielle-2017-etudiants-sciences-po/,1
https://twitter.com/YannSchreiber/status/986370885526401024,1
https://www.facebook.com/seminaireautogeredesciencespo/posts/2091831991082024,1
https://twitter.com/ubellier/status/986360187333181440,1
https://www.facebook.com/seminaireautogeredesciencespo/,1
https://twitter.com/LambertPol/status/986330412929703938,1
https://buff.ly/2IuN2oD,1
https://www.facebook.com/opeBoycott/videos/1877131555895562/?hc_ref=NEWSFEED,1
http://www.lemonde.fr/o21/article/2017/01/10/quand-j-ai-parle-de-sciences-po-a-mes-parents-ils-ont-panique_5060269_5014018.html,1
http://bit.ly/2hYlQGc,1
https://twitter.com/elnacionalcat/status/817487160580444161,1
https://twitter.com/sciencespo/status/801386546691764232,1
http://www.fdesouche.com/792295-sciences-po-manifestation-anti-fn-alors-que-florian-philippot-doit-participer-un-debat,3
https://twitter.com/legrandoral/status/801132882660102144,1
https://vine.co/v/iXuTVxzmZmY,1
https://twitter.com/fbleupicardie/status/735815104915210240,1
http://www.youtube.com/watch?v=yTLU7QXzanU,1
https://streetlyricisme.wordpress.com/2016/05/01/blocage-de-lecole-de-sciences-po-et-nuits-demeutes-place-de-la-republique-22-23-avril-2016,1
http://tempsreel.nouvelobs.com/en-direct/a-chaud/21880-nuitdebout-sciences-paris-perturbe-manifestants-debout.html,1
https://www.facebook.com/sciencespocontrelaloitravail/posts/1692122224386338,1
https://youtu.be/UmaEAmYOTPU,3
https://www.youtube.com/watch?app=desktop&v=UmaEAmYOTPU,2
http://bit.ly/1SjMpzw,1
https://www.pscp.tv/w/1zqJVDkgwmdKB,5
http://www.huffingtonpost.fr/2016/04/22/nuit-debout-sciences-po-gala-video_n_9760190.html,1
https://www.pscp.tv/w/aelQ0jFWR2p2b29xQUdhRU98MXpxSlZEa2d3bWRLQmoX24ByB4W4jRPGEOMccPipck0ZQ0vvSq2WLymT8P60,1
https://www.pscp.tv/w/aek0VzFlVmpZZGRteXZBS0x8MXpxSlZEa2d3bWRLQlWWCKUgpSHf264YnWGlNngXcuzC2R7Hqruk9VddjUMG,1
https://www.pscp.tv/w/aeksJzFlZGpuTGdPd21EUW98MXpxSlZEa2d3bWRLQhkNlCbumIMM9g8HtCNiwal5Hq_tcUADT2EK36ykoOTQ,1
https://www.pscp.tv/w/aekecTQ3OTgyMzh8MXpxSlZEa2d3bWRLQhi0iovETpEv8ieMAGhERz5rBoC7R7hLQ3emyfKj2eDD,1
https://ktch.tv/9P4C,2
https://www.pscp.tv/w/aekXTzFkdkVPck1ObFlwalh8MXpxSlZEa2d3bWRLQn53GiOalu9p9cWPuim1OQ5CgYWAI-LhIyh0UrybtRrf,1
https://www.pscp.tv/w/aekWrTF6WUtiR212ZWJ4amV8MXpxSlZEa2d3bWRLQnU3WWOvvrF7CdCvEa98tcWk5iRuhHD8KpTXDU3lpNE8,1
https://www.pscp.tv/w/aekV-TFsWkVwb1ZKeFZ2am58MXpxSlZEa2d3bWRLQoQTpjR-tH2-hkqjQsxktXa4Wmretgvx0tqpyQ60iqma,1
https://www.pscp.tv/w/aekPYDFETEtCdk9HR0RLSmJ8MXpxSlZEa2d3bWRLQt6G0M8zRAAMaqH2j3Hciszob_W6Oq7-Y1dW4dSHT4Sn,1
https://www.pscp.tv/w/aekPRTYyMDQxOTJ8MXpxSlZEa2d3bWRLQo4LZlgYN__U9r8938KA8fESfchiNnj33Kb0VGxfvfSk,1
https://www.pscp.tv/w/aekSQDFXZ0tneW1rbEpFdlB8MXpxSlZEa2d3bWRLQj-ZfGOP2clo7c5iz94NM2ZZfy2mOrF9J2R6PILyroy4,1
https://www.pscp.tv/w/aekRsTFlVmpZZFhaTm5CS0x8MXpxSlZEa2d3bWRLQipzJOlV0Jw0mfH6NLPaBBf4dY7fndjvlgsB_BsvkAsX,1
https://www.pscp.tv/w/aekR4DFZTEVKTnhCR2FMRU58MXpxSlZEa2d3bWRLQgiZ_5m8EO6lFQYqJPd1s5EX5qmrJLhskXgx6t-kd0r8,1
https://www.pscp.tv/w/aekRsTU0MDYzNzZ8MXpxSlZEa2d3bWRLQqkiJZ9dSgZqjNq5id3fIHAD40JbaeQlVuiOHXVOBjF8,1
https://www.pscp.tv/w/aekQQDF4ZUVXeHBZREFQUVB8MXpxSlZEa2d3bWRLQqZPZKDkGYGOVzI_xmzL8u9FN_uEsDhbh_chCTOAFlN_,1
https://www.pscp.tv/w/aekSFjF4TlFhWXhaT3hiUWJ8MXpxSlZEa2d3bWRLQr173MpqrgYSghhROu3Uu6ZTW5-uPuZktRInjT-Shymc,1
https://www.pscp.tv/w/aekPADFvUEtMTVlxdnpvamR8MXpxSlZEa2d3bWRLQv2k9JV05hpIEl5ExIJbK5HyDzgBWZoS0xRjPp6KV64T,1
https://www.pscp.tv/w/aekPDDF4a1FEWVlwTm5XS3p8MXpxSlZEa2d3bWRLQgk1P0RXjuRcWlTzcax_q_t_heesqL-mZk5ubL7WfXeF,1
https://www.pscp.tv/w/aekRpTF4TlFhVndBeGFLYmR8MXpxSlZEa2d3bWRLQlNA4DgxjRZrUGCJ_bkBOKN7ZcBtF4VcAIGvI86qzShC,1
https://www.pscp.tv/w/aekNPDE0NTkwMjJ8MXpxSlZEa2d3bWRLQq5S2_UjnfzjTyqLIkq0jHtddauWkPY_bhxnRBHSWaY6,1
https://www.pscp.tv/w/aekRdDQ3MDcyNzl8MXpxSlZEa2d3bWRLQmaBqc7XzpdcOGi9J94Qvqndb-haVmJUWbrlbIJ64O5Q,1
https://www.pscp.tv/w/aekQMTFXTEVSZWVncEJ2amJ8MXpxSlZEa2d3bWRLQhaA8je8WJlG0GgB9w5570COKI46n-KgNxs74aPD39cn,1
https://www.pscp.tv/w/aekQZDIxOTAyM3wxenFKVkRrZ3dtZEtCXYNDMych1Ylb3QArQy7TjdAnkYKFF4qOQ80U2a-5v7U%3D,1
https://www.pscp.tv/w/aekPsDF4TlFhWU9veWV3UWJ8MXpxSlZEa2d3bWRLQgqbF2MkRKsJL8y9UUGhD5yxfx7PSzpnP1K0ZQ0v9F0a,1
https://www.pscp.tv/w/aekPhDF6dkVOV1dBT25PUWV8MXpxSlZEa2d3bWRLQgwZ4Ir0BMUhMkZMNv3HE_THzkorMlzI-DBdUENlo9B-,1
https://www.pscp.tv/w/aekOEjF4ZUVXeHBXZU5nUVB8MXpxSlZEa2d3bWRLQj5lB3LhWBY910Tcs3QuVTIXMxxzqmhnQKuQT14Oy58a,1
https://www.pscp.tv/w/aekPtTFkdkVPck1ZRHBnalh8MXpxSlZEa2d3bWRLQnf6w8jRIS85wB5ff7sAXjgqPmNAZWGzS1u2gBUgLh_s,1
https://www.pscp.tv/w/aekMlzFlV0V5dmVkYnhRQWd8MXpxSlZEa2d3bWRLQqNOy6yp3ZXgyTrfxeZQQ5V-F6kbwzyn7Fn6HL06q2GW,1
http://www.pscp.tv/w/1zqJVDkgwmdKB,2
https://www.pscp.tv/w/aekPTjFheWpWWVdHR05LcHJ8MXpxSlZEa2d3bWRLQlsDx0WvV-bVzQXB6N8xmaEd2yjjtdUjMBf_TiZpB80D,1
https://www.pscp.tv/w/aekOeDF4TlFhWU9rdll5UWJ8MXpxSlZEa2d3bWRLQkdJeD2xs0RSOU6xTKxIsUTsQRAtefJlM_F7AgP3jdNL,1
https://www.pscp.tv/w/aekOpDF4TlFhWVlna0RiUWJ8MXpxSlZEa2d3bWRLQrzjHgEb4bu7000tKV8TCTWQ2xmf4TXObnessloI9Lql,1
https://www.pscp.tv/w/aekOsDFkdkVPck1iUllaalh8MXpxSlZEa2d3bWRLQj0lxGNk9nIs3RZVKLhhb-_1WzTs2Cf6iymH5QhAAJDy,1
https://www.pscp.tv/w/aekOqjFYSlFrZHBNYkR3S0x8MXpxSlZEa2d3bWRLQtvmG2TYzR_x6X0BA880DlsSw0pgVPRRvEzOvYO0b2JD,1
https://www.pscp.tv/w/aekOVDFlUkV4cWd5bW9uUXd8MXpxSlZEa2d3bWRLQpVPbaVavwmj_l7DvqTi2EF8cDSrwMGhSY_lauw2UDr8,1
https://www.pscp.tv/w/aekOFDU0NzMyOHwxenFKVkRrZ3dtZEtC2TRxYZ-uqucUBfMZWkuwa-zTigXn3SqwVYBWxV4urVc%3D,1
https://www.pscp.tv/w/aekN_TFYSmprZGRlWXhERUx8MXpxSlZEa2d3bWRLQkerPmepIhUo9uXqM20u8FOGFnoNvXQpjk2sYC8RdTVG,1
https://www.pscp.tv/w/aekNYjFlUkt4cWd5WU93and8MXpxSlZEa2d3bWRLQl1GqYqWCvIiSmbzd3Hph3Gq3kvKP1owdLZmTSV_VQvx,1
https://www.pscp.tv/w/aekMkjFKUkVtVmdreHFRUHl8MXpxSlZEa2d3bWRLQlXgLASsqaPDAwQ4ifVqYfEHtmx543btUW6mW4ZGeZDZ,1
https://www.pscp.tv/w/aekM-TFlVlFZZEpNZ0x3RUx8MXpxSlZEa2d3bWRLQu9LwUlDTM8xjnmS_hRhpGa0cXg53J3-3cPbWOmEPWfz,1
https://www.pscp.tv/w/aekNHjF6dktOZFpHWm1FZWR8MXpxSlZEa2d3bWRLQjB54c3go41YNzpVncqNgMc0ads063AXgVMk8WY5zEl5,1
https://www.pscp.tv/w/aekNIDFEWktvZVh3b2VvRWF8MXpxSlZEa2d3bWRLQmDcc3cmC_x8YBhNt7RLOcaEECqSVV_XtZMV5dGDctgk,1
https://www.pscp.tv/w/aekMnDEyMjg4NDExfDF6cUpWRGtnd21kS0L9_boYjS0iVR5PvzGsvWmYfJ_1BTc1Ejf_FNb1TCiD_Q%3D%3D,1
https://twitter.com/RemyBuisine/status/723571966028963840,1
https://www.pscp.tv/w/aekMhTg2MjI4MnwxenFKVkRrZ3dtZEtCQpkJdiAZih5gtVd6yABql1aLIbH0rFDkPiYaJA-ezuk%3D,2
http://fb.me/7XK5tPae6,1
http://www.pscp.tv/w/1ypKdjMzkdrJW,1
https://www.pscp.tv/w/aekE9zQ3MDcyNzl8MVprS3pvbHdabm9HdkKFAN5C3hf5aWR1wAA3rYkOYK3oHGI7Utkv7dpaThJ3,1
http://www.pscp.tv/w/1ZkKzolwZnoGv,1
https://www.instagram.com/p/BDz-haXKQr9/,1
http://fb.me/3KNyPQAIk,1
https://twitter.com/sciencespo/status/714885539544043520,1
https://fr.sputniknews.com/actualite/201603241023638308-loi-travail-paris-blocage-sciences-po/,1
http://dlvr.it/KtCWzx,1
http://aujourdhuiparis.fr/loi-travail-blocage-de-sciences-po-paris-8-et-de-lycees-parisiens/,1
http://bit.ly/1VJqT8J,1
http://www.newslocker.com/fr-fr/nouvelles/nouvelles-g%C3%A9n%C3%A9rale/paris-loi-travail-blocage-de-sciences-po-paris-8-et-de-lyces-parisiens/,1
http://lapeniche.net/blocus_sciencespo/,1
http://www.20minutes.fr/paris/1813091-20160324-loi-travail-blocage-sciences-po-paris-8-lycees-parisiens,1
http://ift.tt/1Ptas9f,1
http://goo.gl/fb/56RVnn,1
http://www.lebonparis.com,1
http://bit.ly/1RiOoUf,2
http://dlvr.it/KsvHBp,1
http://bit.ly/1S8oXRC,1
http://fr.sputniknews.com/actualite/201603241023638308-loi-travail-paris-blocage-sciences-po/,1
http://dlvr.it/Ksv3Hr,1
http://www.titrespresse.com/article/2175821510/loi-sciences-paris-travail-blocage-lycees-parisiens,1
http://ift.tt/1o8oK9a,1
http://ift.tt/1UmKzjO,1
http://ift.tt/1T7oAM1,2
http://ift.tt/1Uc1Ono,2
http://france3-regions.francetvinfo.fr/paris-ile-de-france/loi-travail-blocage-de-sciences-po-paris-8-et-de-lycees-parisiens-959311.html,1
http://fb.me/PcZfP9ZK,1
https://www.facebook.com/notes/unef-sciences-po/position-de-lunef-suite-aux-r%25C3%25A9cents-%25C3%25A9v%25C3%25A9nements/482906935167995,1
http://alternatif-art.com/index.php/rubriques-menu/37-appels-a-candidature/4957-appel-a-candidature-occupation-temporaire-des-anciens-locaux-du-master-urbanisme-de-sciencespo,1
http://www.alternatif-art.com/index.php/rubriques-menu/37-appels-a-candidature/4957-appel-a-candidature-occupation-temporaire-des-anciens-locaux-du-master-urbanisme-de-sciencespo,1
http://huff.to/1Pp0wO3,1
http://www.leparisien.fr/paris-75/paris-75007/occupation-d-amphitheatre-a-sciences-po-paris-contre-la-loi-travail-21-03-2016-5647519.php,2
https://www.facebook.com/events/615844505231657/,1
http://m.leparisien.fr/paris-75/paris-75007/occupation-d-amphitheatre-a-sciences-po-paris-contre-la-loi-travail-21-03-2016-5647519.php,1
http://fb.me/12baaZhge,1
http://lapeniche.net/alumni_robertholtz/,1
http://bit.ly/1RMuQbF,1
https://twitter.com/BRosmini/status/691956298179612672,1
http://www.sciencespo.fr/bibliotheque/fr/actualite/test-affluences,1
http://bit.ly/1g8cBhd,1
http://bit.ly/1JehTTu,1
http://bit.ly/1SrvGqr,1
http://fb.me/2bJheOSfz,1
http://bit.ly/1CdFmfI,1
http://fb.me/6xN6qbaP9,1
https://twitter.com/KMartenon/status/434000201192574976/photo/1,1
http://lareclame.fr/70132%2Bplage%2Bchoc,1
http://lapeniche.net/sciences-po-en-etat-de-siege-enfin-bon/,1
http://bit.ly/XsLRI8,1
http://www.sauvonsluniversite.com/spip.php?article6021,1
http://sco.lt/6fMG93,1
http://danactu-resistance.over-blog.com/article-paris-sciences-po-deuxieme-nuit-d-occupation-pas-de-patrons-dans-nos-facs-115780301.html,1
http://fb.me/2jGThnY1G,1
http://www.mediapart.fr/journal/culture-idees/010313/sciences-po-deuxieme-nuit-d-occupation,1
http://bit.ly/1486WdN,3
http://dlvr.it/317LtZ,6
http://tinyurl.com/d8gvzt8,1
http://www.leparisien.fr/paris-75/sciences-po-les-etudiants-cessent-leur-occupation-d-un-amphitheatre-28-02-2013-2605849.php,1
http://www.lemonde.fr/enseignement-superieur/article/2013/02/27/sciences-po-occupation-d-un-amphi-contre-la-procedure-de-succession_1840022_1473692.html,19
http://bit.ly/142dGtx,1
http://unef.fr/2013/02/28/assemblee-generale-et-occupation-nocturne-de-sciences-po-les-etudiants-en-ont-assez/#.US-HOEXyfPc.twitter,1
http://bit.ly/YFRR3u,3
http://bit.ly/13oSgeC,1
http://bit.ly/YISKs1,1
http://bit.ly/Y6FFaD,1
http://mcetv.fr/mon-mag-campus/occupation-de-lamphi-boutmy-par-400-etudiants-de-sciences-po,1
http://dlvr.it/31GBPG,3
http://www.liberation.fr/societe/2013/02/28/succession-a-sciences-po-fin-de-l-occupation-d-un-amphi-reprise-dans-la-soiree_885275,1
http://www.lesechos.fr/267478.htm,1
http://www.lexpress.fr/actualite/societe/education/occupation-de-sciences-po-par-quatre-cent-personnes-s-elevant-contre-la-succession-de-descoings_1225386.html,5
http://bit.ly/Wm64nZ,1
http://bit.ly/XIfmW7,1
http://bit.ly/WjkvJb,1
http://bit.ly/YImRzE,1
http://www.metrofrance.com/paris/sciences-po-l-occupation-ultime-recours-de-etudiants-pour-faire-pression/mmbB%21Zr7Yi8Tu7KAUs/,1
http://fb.me/FefGvI1g,1
http://webcpl.eu/31Fmyg,1
http://fb.me/2t76lCT1r,1
http://ow.ly/2vaePU,1
http://rtnews.eu,4
http://ow.ly/2vaePS,1
http://ow.ly/2vaePO,1
http://dlvr.it/31FSwd,1
http://xfru.it/UTGrXC,2
http://bit.ly/Y697gW,1
http://dlvr.it/31FMX2,1
http://dlvr.it/31F8ty,1
http://www.lexpress.fr/tiny/1225386,2
http://lemde.fr/13Z0Vjv,7
http://www.lemonde.fr/tiny/1840022/,4
http://flip.it/UxlOQ,1
http://wp.me/plVRG-1I9,1
http://bit.ly/XckrcO,1
http://rss.feedsportal.com/c/568/f/9916/s/29079ece/l/0L0Slexpress0Bfr0Cactualite0Csociete0Ceducation0Coccupation0Ede0Esciences0Epo0Epar0Equatre0Ecent0Epersonnes0Es0Eelevant0Econtre0Ela0Esuccession0Ede0Edescoings0I12253860Bhtml/story01.htm,1
http://rss.feedsportal.com/c/499/f/413824/s/29081ba9/l/0L0Slesechos0Bfr0Ceconomie0Epolitique0Cpolitique0Cactu0C0A20A260A11634440Edes0Eetudiants0Ede0Esciences0Epo0Evotent0Ele0Eblocage0Ed0Eun0Eamphi0Etoute0Ela0Enuit0E5427130Bphp0Dxtor0FRSS0E20A10A/story01.htm,1
http://is.gd/pae2Kl,1
http://www.socialmediasnews.com/group/Sciences%2520Po%2520%253A%2520des%2520%25C3%25A9tudiants%2520occupent%2520un%2520amphi%2520pour%2520la%2520nuit,1
http://bit.ly/XDTi27,1
http://bit.ly/Vbyxv6,2
http://goo.gl/fb/MQSTc,1
http://bit.ly/Wk4bIB,1
http://ow.ly/2v9JWh,1
http://goo.gl/fb/igQj8,1
http://goo.gl/fb/WRlS2,1
http://bit.ly/13Z5zhr,3
http://tinyurl.com/bzysx5s,1
http://undessinparjour.wordpress.com/2013/02/28/occupation-a-sciences-po/,1
http://dlvr.it/3185YG,1
http://j.mp/13Zmpg9,1
http://bit.ly/13lR4bJ,1
http://bit.ly/WjEYxX,1
http://www.lemonde.fr/enseignement-superieur/article/2013/02/27/sciences-po-occupation-d-un-amphi-contre-la-procedure-de-succession_1840022_1473692.html#xtor=RSS-3208,1
http://bit.ly/WjDIuB,1
http://bit.ly/XbFDji,2
http://bit.ly/Y3YCed,5
http://bit.ly/13lG1PM,4
http://goo.gl/fb/lViNV,1
http://htl.li/2v9xbj,1
http://ow.ly/2v9xbX,1
http://bit.ly/WjBlIr,1
http://bit.ly/13ZaO0x,1
http://tiny.cc/KD2,1
http://yhoo.it/13YYOvS,2
http://ow.ly/2v9y4Y,1
http://ow.ly/2v9yfW,1
http://ow.ly/2v9yV5,1
http://goo.gl/fb/jILBi,1
http://goo.gl/fb/ll9B1,1
http://bit.ly/WrYPFE,1
http://echo.st/542713,3
http://fb.me/2jfxCUCnv,1
http://tinyurl.com/c2544wx,1
http://dlvr.it/317WhX,1
http://bit.ly/13YS9lv,1
http://www.actualitedefrance.com/sciences-po-occupation-dun-amphi-contre-la-procdure-de-succession/,1
http://bit.ly/ZBwMGl,1
http://bit.ly/YFR6aF,1
http://bit.ly/YFQCkM,1
http://goo.gl/fb/waOZc,1
http://bit.ly/13YVroN,2
http://checksavvy.com,1
http://dlvr.it/317CHq,1
http://www.telepafi1.fr,2
http://www.telepafi.pro,1
http://journallesoir.com?p=31061,1
http://bit.ly/Y3YAmv,1
http://www.mouvementdesetudiants.fr/spip.php?article187,1
